project	pr	inc_s	scratch_s	body_dirty	callers	total_dirty	inc_seg	scr_seg	status
libuv	5193	1	2	1	0	1	0s	1s 566ms	ok
libuv	5192	1	3	1	0	1	0s	1s 476ms	ok
libuv	5189	1	3	4	1	5	0s	1s 368ms	ok
libuv	5188	1	2	4	2	6	0s	1s 577ms	ok
libuv	5187	1	3	1	1	2	0s	1s 621ms	ok
libuv	5186	2	2	0	0	0	0s	1s 630ms	ok
libuv	5181	1	2	0	0	0	0s	1s 576ms	ok
libuv	5179	1	2	0	0	0	0s	1s 444ms	ok
libuv	5177	1	3	0	0	0	0s	1s 465ms	ok
libuv	5174	1	2	0	0	0	0s	1s 527ms	ok
tmux	old	FAIL	FAIL	?	?	?	?	?	build_old_fail
wget2	old	FAIL	FAIL	?	?	?	?	?	build_old_fail
darknet	2657	41	84	0	0	0	0s	43s 612ms	ok
darknet	2633	44	76	1	1	2	0s	36s 33ms	ok
darknet	2620	43	78	1	1	2	0s	35s 762ms	ok
darknet	2619	42	77	0	0	0	0s	35s 757ms	ok
darknet	2618	41	77	0	0	0	0s	36s 382ms	ok
darknet	2614	42	76	0	0	0	0s	35s 560ms	ok
darknet	2545	42	80	0	0	0	0s	36s 622ms	ok
darknet	2543	42	74	0	0	0	0s	33s 272ms	ok
darknet	2413	43	76	1	1	2	0s	37s 280ms	ok
darknet	2351	43	86	1	1	2	0s	38s 600ms	ok
libuv	5191	1	2	0	0	0	0s	1s 433ms	ok
libuv	5180	1	2	0	0	0	0s	1s 436ms	ok
libuv	5173	1	3	2	0	2	0s	1s 513ms	ok
libuv	5170	1	3	0	0	0	0s	1s 576ms	ok
libuv	5165	2	2	1	1	2	0s	1s 509ms	ok
libuv	5163	1	2	1	1	2	0s	1s 500ms	ok
libuv	5160	1	2	1	0	1	0s	1s 500ms	ok
libuv	5159	1	2	0	0	0	0s	1s 415ms	ok
libuv	5158	1	2	0	0	0	0s	1s 447ms	ok
libuv	5157	2	2	4	6	10	0s	1s 479ms	ok
darknet	1996	47	74	0	0	0	0s	35s 184ms	ok
darknet	syn0	40	81	0	0	0	0s	36s 706ms	ok
darknet	syn1	46	83	0	0	0	1s	37s 631ms	ok
darknet	syn2	41	77	0	0	0	0s	35s 328ms	ok
darknet	syn3	42	81	0	0	0	0s	41s 1ms	ok
darknet	syn4	41	88	0	0	0	0s	48s 164ms	ok
darknet	syn5	41	80	0	0	0	0s	38s 97ms	ok
darknet	syn6	43	83	0	0	0	0s	40s 452ms	ok
darknet	syn7	44	82	0	0	0	0s	39s 769ms	ok
darknet	syn8	44	83	0	0	0	0s	41s 639ms	ok
