branch	project	mode	sample	ms
main	c-ares	store	old	3802
main	c-ares	inc	pr-1244	1014
main	c-ares	inc	pr-1247	1043
main	c-ares	inc	pr-1251	1055
main	c-ares	inc	pr-1254	1190
main	c-ares	inc	pr-1256	1077
main	c-ares	inc	pr-1257	1186
main	c-ares	inc	pr-1258	1157
main	c-ares	inc	pr-1259	1299
main	c-ares	inc	pr-1260	1095
perf	c-ares	store	old	3704
perf	c-ares	inc	pr-1244	1031
perf	c-ares	inc	pr-1247	1070
perf	c-ares	inc	pr-1251	1046
perf	c-ares	inc	pr-1254	1198
perf	c-ares	inc	pr-1256	1089
perf	c-ares	inc	pr-1257	1190
perf	c-ares	inc	pr-1258	1172
perf	c-ares	inc	pr-1259	1307
perf	c-ares	inc	pr-1260	1099
main	libuv	store	old	5188
main	libuv	inc	pr-5157	1639
main	libuv	inc	pr-5158	925
main	libuv	inc	pr-5159	904
main	libuv	inc	pr-5160	913
main	libuv	inc	pr-5163	910
main	libuv	inc	pr-5165	979
main	libuv	inc	pr-5170	908
main	libuv	inc	pr-5173	915
main	libuv	inc	pr-5174	920
main	libuv	inc	pr-5177	910
main	libuv	inc	pr-5179	909
main	libuv	inc	pr-5180	892
main	libuv	inc	pr-5181	899
main	libuv	inc	pr-5186	903
main	libuv	inc	pr-5187	926
main	libuv	inc	pr-5188	1126
main	libuv	inc	pr-5189	1457
main	libuv	inc	pr-5191	913
main	libuv	inc	pr-5192	913
main	libuv	inc	pr-5193	913
perf	libuv	store	old	5228
perf	libuv	inc	pr-5157	1653
perf	libuv	inc	pr-5158	916
perf	libuv	inc	pr-5159	918
perf	libuv	inc	pr-5160	939
perf	libuv	inc	pr-5163	909
perf	libuv	inc	pr-5165	978
perf	libuv	inc	pr-5170	920
perf	libuv	inc	pr-5173	915
perf	libuv	inc	pr-5174	923
perf	libuv	inc	pr-5177	920
perf	libuv	inc	pr-5179	912
perf	libuv	inc	pr-5180	927
perf	libuv	inc	pr-5181	908
perf	libuv	inc	pr-5186	921
perf	libuv	inc	pr-5187	919
perf	libuv	inc	pr-5188	1246
perf	libuv	inc	pr-5189	1408
perf	libuv	inc	pr-5191	919
perf	libuv	inc	pr-5192	900
perf	libuv	inc	pr-5193	938
main	curl	store	old	12682
main	curl	inc	pr-22304	3715
main	curl	inc	pr-22309	3548
main	curl	inc	pr-22310	3477
main	curl	inc	pr-22313	3546
main	curl	inc	pr-22315	3553
main	curl	inc	pr-22317	3532
main	curl	inc	pr-22322	3466
main	curl	inc	pr-22324	3493
main	curl	inc	pr-22326	3533
main	curl	inc	pr-22328	3447
perf	curl	store	old	14472
perf	curl	inc	pr-22304	3755
perf	curl	inc	pr-22309	3505
perf	curl	inc	pr-22310	3797
perf	curl	inc	pr-22313	3890
perf	curl	inc	pr-22315	3569
perf	curl	inc	pr-22317	3525
perf	curl	inc	pr-22322	3462
perf	curl	inc	pr-22324	3728
perf	curl	inc	pr-22326	3571
perf	curl	inc	pr-22328	3826
main	darknet	store	old	105498
main	darknet	inc	pr-1996	35391
main	darknet	inc	pr-2413	35647
main	darknet	inc	pr-2543	36251
main	darknet	inc	pr-2545	34853
main	darknet	inc	pr-2614	35099
main	darknet	inc	pr-2619	35395
main	darknet	inc	pr-2620	37773
main	darknet	inc	pr-2633	35409
main	darknet	inc	pr-2657	36027
main	darknet	inc	pr-syn0	36106
main	darknet	inc	pr-syn1	36422
main	darknet	inc	pr-syn2	35785
main	darknet	inc	pr-syn3	35855
main	darknet	inc	pr-syn4	36068
main	darknet	inc	pr-syn5	33110
main	darknet	inc	pr-syn6	36171
main	darknet	inc	pr-syn7	42584
main	darknet	inc	pr-syn8	39394
perf	darknet	store	old	111662
perf	darknet	inc	pr-1996	37871
perf	darknet	inc	pr-2413	36183
perf	darknet	inc	pr-2543	35723
perf	darknet	inc	pr-2545	36730
perf	darknet	inc	pr-2614	35476
perf	darknet	inc	pr-2619	33565
perf	darknet	inc	pr-2620	36040
perf	darknet	inc	pr-2633	35303
perf	darknet	inc	pr-2657	36022
perf	darknet	inc	pr-syn0	35251
perf	darknet	inc	pr-syn1	37180
perf	darknet	inc	pr-syn2	36160
perf	darknet	inc	pr-syn3	35068
perf	darknet	inc	pr-syn4	36102
perf	darknet	inc	pr-syn5	33583
perf	darknet	inc	pr-syn6	35439
perf	darknet	inc	pr-syn7	36740
perf	darknet	inc	pr-syn8	35293
main	openssl	store	old	122103
main	openssl	inc	pr-31906	37448
main	openssl	inc	pr-31909	38216
main	openssl	inc	pr-31913	38670
main	openssl	inc	pr-31915	39963
main	openssl	inc	pr-31916	38790
main	openssl	inc	pr-31918	39871
main	openssl	inc	pr-31924	37668
main	openssl	inc	pr-31925	42899
main	openssl	inc	pr-31928	38619
main	openssl	inc	pr-31929	40648
main	openssl	inc	pr-31931	41705
main	openssl	inc	pr-31938	37050
main	openssl	inc	pr-31939	52133
main	openssl	inc	pr-31940	40909
main	openssl	inc	pr-31943	38966
main	openssl	inc	pr-31945	47797
main	openssl	inc	pr-31954	37961
main	openssl	inc	pr-31957	77756
perf	openssl	store	old	128038
perf	openssl	inc	pr-31906	38793
perf	openssl	inc	pr-31909	40574
perf	openssl	inc	pr-31913	39063
perf	openssl	inc	pr-31915	38926
perf	openssl	inc	pr-31916	39173
perf	openssl	inc	pr-31918	40616
perf	openssl	inc	pr-31924	40069
perf	openssl	inc	pr-31925	39681
perf	openssl	inc	pr-31928	36822
perf	openssl	inc	pr-31929	44721
perf	openssl	inc	pr-31931	39338
perf	openssl	inc	pr-31938	38795
perf	openssl	inc	pr-31939	55469
perf	openssl	inc	pr-31940	39939
perf	openssl	inc	pr-31943	38844
perf	openssl	inc	pr-31945	41276
perf	openssl	inc	pr-31954	40107
perf	openssl	inc	pr-31957	74346
